Constituency,County,URL
Baringo Central,Baringo,https://forms.iebc.or.ke/form/formB/0301590000000/uploaded/1_0301590000000_34_B_20220810_221346.pdf
Baringo North,Baringo,https://forms.iebc.or.ke/form/formB/0301580000000/uploaded/1_0301580000000_34_B_20220812_112017.pdf
Baringo South,Baringo,https://forms.iebc.or.ke/form/formB/0301600000000/uploaded/1_0301600000000_34_B_20220811_172724.pdf
Eldama Ravine,Baringo,https://forms.iebc.or.ke/form/formB/0301620000000/uploaded/1_0301620000000_34_B_20220811_134943.pdf
Mogotio,Baringo,https://forms.iebc.or.ke/form/formB/0301610000000/uploaded/1_0301610000000_34_B_20220811_171215.pdf
Tiaty,Baringo,https://forms.iebc.or.ke/form/formB/0301570000000/uploaded/1_0301570000000_34_B_20220811_222412.pdf
Bomet Central,Bomet,https://forms.iebc.or.ke/form/formB/0361970000000/uploaded/1_0361970000000_34_B_20220811_072415.pdf
Bomet East,Bomet,https://forms.iebc.or.ke/form/formB/0361960000000/uploaded/1_0361960000000_34_B_20220811_112802.pdf
Chepalungu,Bomet,https://forms.iebc.or.ke/form/formB/0361950000000/uploaded/1_0361950000000_34_B_20220812_105924.pdf
Konoin,Bomet,https://forms.iebc.or.ke/form/formB/0361980000000/uploaded/1_0361980000000_34_B_20220811_120711.pdf
Sotik,Bomet,https://forms.iebc.or.ke/form/formB/0361940000000/uploaded/1_0361940000000_34_B_20220811_163334.pdf
Bumula,Bungoma,https://forms.iebc.or.ke/form/formB/0392190000000/uploaded/1_0392190000000_34_B_20220811_104549.pdf
Kabuchai,Bungoma,https://forms.iebc.or.ke/form/formB/0392180000000/uploaded/1_0392180000000_34_B_20220811_124431.pdf
Kanduyi,Bungoma,https://forms.iebc.or.ke/form/formB/0392200000000/uploaded/1_0392200000000_34_B_20220813_111307.pdf
Kimilili,Bungoma,https://forms.iebc.or.ke/form/formB/0392230000000/uploaded/1_0392230000000_34_B_20220811_131624.pdf
Mt. Elgon,Bungoma,https://forms.iebc.or.ke/form/formB/0392160000000/uploaded/1_0392160000000_34_B_20220811_212925.pdf
Sirisia,Bungoma,https://forms.iebc.or.ke/form/formB/0392170000000/uploaded/1_0392170000000_34_B_20220813_113505.pdf
Tongaren,Bungoma,https://forms.iebc.or.ke/form/formB/0392240000000/uploaded/1_0392240000000_34_B_20220814_114532.pdf
Webuye East,Bungoma,https://forms.iebc.or.ke/form/formB/0392210000000/uploaded/1_0392210000000_34_B_20220811_004608.pdf
Webuye West,Bungoma,https://forms.iebc.or.ke/form/formB/0392220000000/uploaded/1_0392220000000_34_B_20220811_171017.pdf
Budalangi,Busia,https://forms.iebc.or.ke/form/formB/0402310000000/uploaded/1_0402310000000_34_B_20220813_173030.pdf
Butula,Busia,https://forms.iebc.or.ke/form/formB/0402290000000/uploaded/1_0402290000000_34_B_20220811_155410.pdf
Funyula,Busia,https://forms.iebc.or.ke/form/formB/0402300000000/uploaded/1_0402300000000_34_B_20220810_214855.pdf
Matayos,Busia,https://forms.iebc.or.ke/form/formB/0402280000000/uploaded/1_0402280000000_34_B_20220811_104648.pdf
Nambale,Busia,https://forms.iebc.or.ke/form/formB/0402270000000/uploaded/1_0402270000000_34_B_20220811_101403.pdf
Teso North,Busia,https://forms.iebc.or.ke/form/formB/0402250000000/uploaded/1_0402250000000_34_B_20220812_132136.pdf
Teso South,Busia,https://forms.iebc.or.ke/form/formB/0402260000000/uploaded/1_0402260000000_34_B_20220812_173048.pdf
Diaspora,Diaspora,https://forms.iebc.or.ke/form/formB/0482910000000/uploaded/1_0482910000000_34_B_20220814_193439.pdf
Keiyo North,Elgeyo/Marakwet,https://forms.iebc.or.ke/form/formB/0281490000000/uploaded/1_0281490000000_34_B_20220810_160344.pdf
Keiyo South,Elgeyo/Marakwet,https://forms.iebc.or.ke/form/formB/0281500000000/uploaded/1_0281500000000_34_B_20220811_204428.pdf
Marakwet East,Elgeyo/Marakwet,https://forms.iebc.or.ke/form/formB/0281470000000/uploaded/1_0281470000000_34_B_20220810_142602.pdf
Marakwet West,Elgeyo/Marakwet,https://forms.iebc.or.ke/form/formB/0281480000000/uploaded/1_0281480000000_34_B_20220811_191737.pdf
Manyatta,Embu,https://forms.iebc.or.ke/form/formB/0140630000000/uploaded/1_0140630000000_34_B_20220813_114023.pdf
Mbeere North,Embu,https://forms.iebc.or.ke/form/formB/0140660000000/uploaded/1_0140660000000_34_B_20220812_212014.pdf
Mbeere South,Embu,https://forms.iebc.or.ke/form/formB/0140650000000/uploaded/1_0140650000000_34_B_20220811_172937.pdf
Runyenjes,Embu,https://forms.iebc.or.ke/form/formB/0140640000000/uploaded/1_0140640000000_34_B_20220813_072555.pdf
Balambala,Garissa,https://forms.iebc.or.ke/form/formB/0070280000000/uploaded/1_0070280000000_34_B_20220811_161639.pdf
Dadaab,Garissa,https://forms.iebc.or.ke/form/formB/0070300000000/uploaded/1_0070300000000_34_B_20220816_125949.pdf
Fafi,Garissa,https://forms.iebc.or.ke/form/formB/0070310000000/uploaded/1_0070310000000_34_B_20220815_121112.pdf
Garissa Township,Garissa,https://forms.iebc.or.ke/form/formB/0070270000000/uploaded/1_0070270000000_34_B_20220813_071652.pdf
Ijara,Garissa,https://forms.iebc.or.ke/form/formB/0070320000000/uploaded/1_0070320000000_34_B_20220811_220924.pdf
Lagdera,Garissa,https://forms.iebc.or.ke/form/formB/0070290000000/uploaded/1_0070290000000_34_B_20220814_215817.pdf
Homa Bay Town,Homa Bay,https://forms.iebc.or.ke/form/formB/0432490000000/uploaded/1_0432490000000_34_B_20220811_113836.pdf
Kabondo Kasipul,Homa Bay,https://forms.iebc.or.ke/form/formB/0432460000000/uploaded/1_0432460000000_34_B_20220811_221725.pdf
Karachuonyo,Homa Bay,https://forms.iebc.or.ke/form/formB/0432470000000/uploaded/1_0432470000000_34_B_20220811_090904.pdf
Kasipul,Homa Bay,https://forms.iebc.or.ke/form/formB/0432450000000/uploaded/1_0432450000000_34_B_20220811_161924.pdf
Ndhiwa,Homa Bay,https://forms.iebc.or.ke/form/formB/0432500000000/uploaded/1_0432500000000_34_B_20220813_155848.pdf
Rangwe,Homa Bay,https://forms.iebc.or.ke/form/formB/0432480000000/uploaded/1_0432480000000_34_B_20220813_152428.pdf
Suba North,Homa Bay,https://forms.iebc.or.ke/form/formB/0432510000000/uploaded/1_0432510000000_34_B_20220813_230401.pdf
Suba South,Homa Bay,https://forms.iebc.or.ke/form/formB/0432520000000/uploaded/1_0432520000000_34_B_20220811_134800.pdf
Isiolo North,Isiolo,https://forms.iebc.or.ke/form/formB/0110490000000/uploaded/1_0110490000000_34_B_20220812_100745.pdf
Isiolo South,Isiolo,https://forms.iebc.or.ke/form/formB/0110500000000/uploaded/1_0110500000000_34_B_20220811_202021.pdf
Kajiado Central,Kajiado,https://forms.iebc.or.ke/form/formB/0341840000000/uploaded/1_0341840000000_34_B_20220811_103933.pdf
Kajiado East,Kajiado,https://forms.iebc.or.ke/form/formB/0341850000000/uploaded/1_0341850000000_34_B_20220814_191226.pdf
Kajiado North,Kajiado,https://forms.iebc.or.ke/form/formB/0341830000000/uploaded/1_0341830000000_34_B_20220812_115541.pdf
Kajiado South,Kajiado,https://forms.iebc.or.ke/form/formB/0341870000000/uploaded/1_0341870000000_34_B_20220811_073945.pdf
Kajiado West,Kajiado,https://forms.iebc.or.ke/form/formB/0341860000000/uploaded/1_0341860000000_34_B_20220813_192620.pdf
Butere,Kakamega,https://forms.iebc.or.ke/form/formB/0372070000000/uploaded/1_0372070000000_34_B_20220811_094849.pdf
Ikolomani,Kakamega,https://forms.iebc.or.ke/form/formB/0372100000000/uploaded/1_0372100000000_34_B_20220811_172353.pdf
Khwisero,Kakamega,https://forms.iebc.or.ke/form/formB/0372080000000/uploaded/1_0372080000000_34_B_20220810_220849.pdf
Likuyani,Kakamega,https://forms.iebc.or.ke/form/formB/0372000000000/uploaded/1_0372000000000_34_B_20220812_103423.pdf
Lugari,Kakamega,https://forms.iebc.or.ke/form/formB/0371990000000/uploaded/1_0371990000000_34_B_20220812_094200.pdf
Lurambi,Kakamega,https://forms.iebc.or.ke/form/formB/0372020000000/uploaded/1_0372020000000_34_B_20220811_173149.pdf
Malava,Kakamega,https://forms.iebc.or.ke/form/formB/0372010000000/uploaded/1_0372010000000_34_B_20220812_184500.pdf
Matungu,Kakamega,https://forms.iebc.or.ke/form/formB/0372060000000/uploaded/1_0372060000000_34_B_20220811_093228.pdf
Mumias East,Kakamega,https://forms.iebc.or.ke/form/formB/0372050000000/uploaded/1_0372050000000_34_B_20220812_160204.pdf
Mumias West,Kakamega,https://forms.iebc.or.ke/form/formB/0372040000000/uploaded/1_0372040000000_34_B_20220811_135843.pdf
Navakholo,Kakamega,https://forms.iebc.or.ke/form/formB/0372030000000/uploaded/1_0372030000000_34_B_20220811_071353.pdf
Shinyalu,Kakamega,https://forms.iebc.or.ke/form/formB/0372090000000/uploaded/1_0372090000000_34_B_20220812_103922.pdf
Ainamoi,Kericho,https://forms.iebc.or.ke/form/formB/0351900000000/uploaded/1_0351900000000_34_B_20220812_190523.pdf
Belgut,Kericho,https://forms.iebc.or.ke/form/formB/0351920000000/uploaded/1_0351920000000_34_B_20220811_134009.pdf
Bureti,Kericho,https://forms.iebc.or.ke/form/formB/0351910000000/uploaded/1_0351910000000_34_B_20220812_160239.pdf
Kipkelion East,Kericho,https://forms.iebc.or.ke/form/formB/0351880000000/uploaded/1_0351880000000_34_B_20220811_103358.pdf
Kipkelion West,Kericho,https://forms.iebc.or.ke/form/formB/0351890000000/uploaded/1_0351890000000_34_B_20220811_191217.pdf
Sigowet/Soin,Kericho,https://forms.iebc.or.ke/form/formB/0351930000000/uploaded/1_0351930000000_34_B_20220811_154004.pdf
Gatundu North,Kiambu,https://forms.iebc.or.ke/form/formB/0221120000000/uploaded/1_0221120000000_34_B_20220811_232123.pdf
Gatundu South,Kiambu,https://forms.iebc.or.ke/form/formB/0221110000000/uploaded/1_0221110000000_34_B_20220811_102636.pdf
Githunguri,Kiambu,https://forms.iebc.or.ke/form/formB/0221160000000/uploaded/1_0221160000000_34_B_20220811_174654.pdf
Juja,Kiambu,https://forms.iebc.or.ke/form/formB/0221130000000/uploaded/1_0221130000000_34_B_20220812_145542.pdf
Kabete,Kiambu,https://forms.iebc.or.ke/form/formB/0221190000000/uploaded/1_0221190000000_34_B_20220813_113121.pdf
Kiambaa,Kiambu,https://forms.iebc.or.ke/form/formB/0221180000000/uploaded/1_0221180000000_34_B_20220812_050255.pdf
Kiambu,Kiambu,https://forms.iebc.or.ke/form/formB/0221170000000/uploaded/1_0221170000000_34_B_20220815_093958.pdf
Kikuyu,Kiambu,https://forms.iebc.or.ke/form/formB/0221200000000/uploaded/1_0221200000000_34_B_20220812_125029.pdf
Lari,Kiambu,https://forms.iebc.or.ke/form/formB/0221220000000/uploaded/1_0221220000000_34_B_20220812_000617.pdf
Limuru,Kiambu,https://forms.iebc.or.ke/form/formB/0221210000000/uploaded/1_0221210000000_34_B_20220812_003728.pdf
Ruiru,Kiambu,https://forms.iebc.or.ke/form/formB/0221150000000/uploaded/1_0221150000000_34_B_20220812_112108.pdf
Thika Town,Kiambu,https://forms.iebc.or.ke/form/formB/0221140000000/uploaded/1_0221140000000_34_B_20220812_115949.pdf
Ganze,Kilifi,https://forms.iebc.or.ke/form/formB/0030150000000/uploaded/1_0030150000000_34_B_20220813_082036.pdf
Kaloleni,Kilifi,https://forms.iebc.or.ke/form/formB/0030130000000/uploaded/1_0030130000000_34_B_20220813_130933.pdf
Kilifi North,Kilifi,https://forms.iebc.or.ke/form/formB/0030110000000/uploaded/1_0030110000000_34_B_20220812_095321.pdf
Kilifi South,Kilifi,https://forms.iebc.or.ke/form/formB/0030120000000/uploaded/1_0030120000000_34_B_20220811_205325.pdf
Magarini,Kilifi,https://forms.iebc.or.ke/form/formB/0030170000000/uploaded/1_0030170000000_34_B_20220811_230846.pdf
Malindi,Kilifi,https://forms.iebc.or.ke/form/formB/0030160000000/uploaded/1_0030160000000_34_B_20220812_062237.pdf
Rabai,Kilifi,https://forms.iebc.or.ke/form/formB/0030140000000/uploaded/1_0030140000000_34_B_20220812_065948.pdf
Gichugu,Kirinyaga,https://forms.iebc.or.ke/form/formB/0201010000000/uploaded/1_0201010000000_34_B_20220812_121826.pdf
Kirinyaga Central,Kirinyaga,https://forms.iebc.or.ke/form/formB/0201030000000/uploaded/1_0201030000000_34_B_20220812_144751.pdf
Mwea,Kirinyaga,https://forms.iebc.or.ke/form/formB/0201000000000/uploaded/1_0201000000000_34_B_20220812_121902.pdf
Ndia,Kirinyaga,https://forms.iebc.or.ke/form/formB/0201020000000/uploaded/1_0201020000000_34_B_20220811_090750.pdf
Bobasi,Kisii,https://forms.iebc.or.ke/form/formB/0452640000000/uploaded/1_0452640000000_34_B_20220812_102348.pdf
Bomachoge Borabu,Kisii,https://forms.iebc.or.ke/form/formB/0452630000000/uploaded/1_0452630000000_34_B_20220814_191941.pdf
Bomachoge Chache,Kisii,https://forms.iebc.or.ke/form/formB/0452650000000/uploaded/1_0452650000000_34_B_20220814_232957.pdf
Bonchari,Kisii,https://forms.iebc.or.ke/form/formB/0452610000000/uploaded/1_0452610000000_34_B_20220812_124141.pdf
Kitutu Chache North,Kisii,https://forms.iebc.or.ke/form/formB/0452680000000/uploaded/1_0452680000000_34_B_20220812_225827.pdf
Kitutu Chache South,Kisii,https://forms.iebc.or.ke/form/formB/0452690000000/uploaded/1_0452690000000_34_B_20220812_172141.pdf
Nyaribari Chache,Kisii,https://forms.iebc.or.ke/form/formB/0452670000000/uploaded/1_0452670000000_34_B_20220812_031208.pdf
Nyaribari Masaba,Kisii,https://forms.iebc.or.ke/form/formB/0452660000000/uploaded/1_0452660000000_34_B_20220812_131544.pdf
South Mugirango,Kisii,https://forms.iebc.or.ke/form/formB/0452620000000/uploaded/1_0452620000000_34_B_20220813_114750.pdf
Kisumu Central,Kisumu,https://forms.iebc.or.ke/form/formB/0422400000000/uploaded/1_0422400000000_34_B_20220811_175340.pdf
Kisumu East,Kisumu,https://forms.iebc.or.ke/form/formB/0422380000000/uploaded/1_0422380000000_34_B_20220812_155822.pdf
Kisumu West,Kisumu,https://forms.iebc.or.ke/form/formB/0422390000000/uploaded/1_0422390000000_34_B_20220813_145130.pdf
Muhoroni,Kisumu,https://forms.iebc.or.ke/form/formB/0422430000000/uploaded/1_0422430000000_34_B_20220811_051708.pdf
Nyakach,Kisumu,https://forms.iebc.or.ke/form/formB/0422440000000/uploaded/1_0422440000000_34_B_20220814_210438.pdf
Nyando,Kisumu,https://forms.iebc.or.ke/form/formB/0422420000000/uploaded/1_0422420000000_34_B_20220812_035027.pdf
Seme,Kisumu,https://forms.iebc.or.ke/form/formB/0422410000000/uploaded/1_0422410000000_34_B_20220811_124852.pdf
Kitui Central,Kitui,https://forms.iebc.or.ke/form/formB/0150720000000/uploaded/1_0150720000000_34_B_20220812_093131.pdf
Kitui East,Kitui,https://forms.iebc.or.ke/form/formB/0150730000000/uploaded/1_0150730000000_34_B_20220811_131547.pdf
Kitui Rural,Kitui,https://forms.iebc.or.ke/form/formB/0150710000000/uploaded/1_0150710000000_34_B_20220811_140804.pdf
Kitui South,Kitui,https://forms.iebc.or.ke/form/formB/0150740000000/uploaded/1_0150740000000_34_B_20220811_133040.pdf
Kitui West,Kitui,https://forms.iebc.or.ke/form/formB/0150700000000/uploaded/1_0150700000000_34_B_20220811_120223.pdf
Mwingi Central,Kitui,https://forms.iebc.or.ke/form/formB/0150690000000/uploaded/1_0150690000000_34_B_20220811_131750.pdf
Mwingi North,Kitui,https://forms.iebc.or.ke/form/formB/0150670000000/uploaded/1_0150670000000_34_B_20220811_134226.pdf
Mwingi West,Kitui,https://forms.iebc.or.ke/form/formB/0150680000000/uploaded/1_0150680000000_34_B_20220811_202025.pdf
Kinango,Kwale,https://forms.iebc.or.ke/form/formB/0020100000000/uploaded/1_0020100000000_34_B_20220813_102445.pdf
Lungalunga,Kwale,https://forms.iebc.or.ke/form/formB/0020080000000/uploaded/1_0020080000000_34_B_20220812_021752.pdf
Matuga,Kwale,https://forms.iebc.or.ke/form/formB/0020090000000/uploaded/1_0020090000000_34_B_20220813_064919.pdf
Msambweni,Kwale,https://forms.iebc.or.ke/form/formB/0020070000000/uploaded/1_0020070000000_34_B_20220811_225050.pdf
Laikipia East,Laikipia,https://forms.iebc.or.ke/form/formB/0311640000000/uploaded/1_0311640000000_34_B_20220813_183359.pdf
Laikipia North,Laikipia,https://forms.iebc.or.ke/form/formB/0311650000000/uploaded/1_0311650000000_34_B_20220811_141642.pdf
Laikipia West,Laikipia,https://forms.iebc.or.ke/form/formB/0311630000000/uploaded/1_0311630000000_34_B_20220812_171500.pdf
Lamu East,Lamu,https://forms.iebc.or.ke/form/formB/0050210000000/uploaded/1_0050210000000_34_B_20220810_232112.pdf
Lamu West,Lamu,https://forms.iebc.or.ke/form/formB/0050220000000/uploaded/1_0050220000000_34_B_20220812_224941.pdf
Kangundo,Machakos,https://forms.iebc.or.ke/form/formB/0160770000000/uploaded/1_0160770000000_34_B_20220811_102516.pdf
Kathiani,Machakos,https://forms.iebc.or.ke/form/formB/0160790000000/uploaded/1_0160790000000_34_B_20220811_142057.pdf
Machakos Town,Machakos,https://forms.iebc.or.ke/form/formB/0160810000000/uploaded/1_0160810000000_34_B_20220811_111910.pdf
Masinga,Machakos,https://forms.iebc.or.ke/form/formB/0160750000000/uploaded/1_0160750000000_34_B_20220811_151908.pdf
Matungulu,Machakos,https://forms.iebc.or.ke/form/formB/0160780000000/uploaded/1_0160780000000_34_B_20220811_222029.pdf
Mavoko,Machakos,https://forms.iebc.or.ke/form/formB/0160800000000/uploaded/1_0160800000000_34_B_20220811_191649.pdf
Mwala,Machakos,https://forms.iebc.or.ke/form/formB/0160820000000/uploaded/1_0160820000000_34_B_20220811_162239.pdf
Yatta,Machakos,https://forms.iebc.or.ke/form/formB/0160760000000/uploaded/1_0160760000000_34_B_20220811_135556.pdf
Kaiti,Makueni,https://forms.iebc.or.ke/form/formB/0170850000000/uploaded/1_0170850000000_34_B_20220810_142648.pdf
Kibwezi East,Makueni,https://forms.iebc.or.ke/form/formB/0170880000000/uploaded/1_0170880000000_34_B_20220811_120442.pdf
Kibwezi West,Makueni,https://forms.iebc.or.ke/form/formB/0170870000000/uploaded/1_0170870000000_34_B_20220811_142708.pdf
Kilome,Makueni,https://forms.iebc.or.ke/form/formB/0170840000000/uploaded/1_0170840000000_34_B_20220812_011537.pdf
Makueni,Makueni,https://forms.iebc.or.ke/form/formB/0170860000000/uploaded/1_0170860000000_34_B_20220810_223534.pdf
Mbooni,Makueni,https://forms.iebc.or.ke/form/formB/0170830000000/uploaded/1_0170830000000_34_B_20220811_171640.pdf
Banissa,Mandera,https://forms.iebc.or.ke/form/formB/0090400000000/uploaded/1_0090400000000_34_B_20220812_191720.pdf
Lafey,Mandera,https://forms.iebc.or.ke/form/formB/0090440000000/uploaded/1_0090440000000_34_B_20220811_202634.pdf
Mandera East,Mandera,https://forms.iebc.or.ke/form/formB/0090430000000/uploaded/1_0090430000000_34_B_20220813_113553.pdf
Mandera North,Mandera,https://forms.iebc.or.ke/form/formB/0090410000000/uploaded/1_0090410000000_34_B_20220812_195758.pdf
Mandera South,Mandera,https://forms.iebc.or.ke/form/formB/0090420000000/uploaded/1_0090420000000_34_B_20220814_111038.pdf
Mandera West,Mandera,https://forms.iebc.or.ke/form/formB/0090390000000/uploaded/1_0090390000000_34_B_20220813_034310.pdf
Laisamis,Marsabit,https://forms.iebc.or.ke/form/formB/0100480000000/uploaded/1_0100480000000_34_B_20220812_002958.pdf
Moyale,Marsabit,https://forms.iebc.or.ke/form/formB/0100450000000/uploaded/1_0100450000000_34_B_20220815_073459.pdf
North Horr,Marsabit,https://forms.iebc.or.ke/form/formB/0100460000000/uploaded/1_0100460000000_34_B_20220811_213145.pdf
Saku,Marsabit,https://forms.iebc.or.ke/form/formB/0100470000000/uploaded/1_0100470000000_34_B_20220811_143826.pdf
Buuri,Meru,https://forms.iebc.or.ke/form/formB/0120570000000/uploaded/1_0120570000000_34_B_20220811_214424.pdf
Central Imenti,Meru,https://forms.iebc.or.ke/form/formB/0120580000000/uploaded/1_0120580000000_34_B_20220811_162247.pdf
Igembe Central,Meru,https://forms.iebc.or.ke/form/formB/0120520000000/uploaded/1_0120520000000_34_B_20220811_130943.pdf
Igembe North,Meru,https://forms.iebc.or.ke/form/formB/0120530000000/uploaded/1_0120530000000_34_B_20220813_120347.pdf
Igembe South,Meru,https://forms.iebc.or.ke/form/formB/0120510000000/uploaded/1_0120510000000_34_B_20220812_152015.pdf
North Imenti,Meru,https://forms.iebc.or.ke/form/formB/0120560000000/uploaded/1_0120560000000_34_B_20220811_181022.pdf
South Imenti,Meru,https://forms.iebc.or.ke/form/formB/0120590000000/uploaded/1_0120590000000_34_B_20220811_171832.pdf
Tigania East,Meru,https://forms.iebc.or.ke/form/formB/0120550000000/uploaded/1_0120550000000_34_B_20220812_020244.pdf
Tigania West,Meru,https://forms.iebc.or.ke/form/formB/0120540000000/uploaded/1_0120540000000_34_B_20220812_163249.pdf
Awendo,Migori,https://forms.iebc.or.ke/form/formB/0442540000000/uploaded/1_0442540000000_34_B_20220811_021838.pdf
Kuria East,Migori,https://forms.iebc.or.ke/form/formB/0442600000000/uploaded/1_0442600000000_34_B_20220813_113017.pdf
Kuria West,Migori,https://forms.iebc.or.ke/form/formB/0442590000000/uploaded/1_0442590000000_34_B_20220811_230254.pdf
Nyatike,Migori,https://forms.iebc.or.ke/form/formB/0442580000000/uploaded/1_0442580000000_34_B_20220811_173031.pdf
Rongo,Migori,https://forms.iebc.or.ke/form/formB/0442530000000/uploaded/1_0442530000000_34_B_20220811_072721.pdf
Suna East,Migori,https://forms.iebc.or.ke/form/formB/0442550000000/uploaded/1_0442550000000_34_B_20220811_151157.pdf
Suna West,Migori,https://forms.iebc.or.ke/form/formB/0442560000000/uploaded/1_0442560000000_34_B_20220813_073634.pdf
Uriri,Migori,https://forms.iebc.or.ke/form/formB/0442570000000/uploaded/1_0442570000000_34_B_20220811_183159.pdf
Changamwe,Mombasa,https://forms.iebc.or.ke/form/formB/0010010000000/uploaded/1_0010010000000_34_B_20220811_185253.pdf
Jomvu,Mombasa,https://forms.iebc.or.ke/form/formB/0010020000000/uploaded/1_0010020000000_34_B_20220812_231305.pdf
Kisauni,Mombasa,https://forms.iebc.or.ke/form/formB/0010030000000/uploaded/1_0010030000000_34_B_20220816_115925.pdf
Likoni,Mombasa,https://forms.iebc.or.ke/form/formB/0010050000000/uploaded/1_0010050000000_34_B_20220812_180352.pdf
Mvita,Mombasa,https://forms.iebc.or.ke/form/formB/0010060000000/uploaded/1_0010060000000_34_B_20220813_200329.pdf
Nyali,Mombasa,https://forms.iebc.or.ke/form/formB/0010040000000/uploaded/1_0010040000000_34_B_20220812_024754.pdf
Gatanga,Murang'a,https://forms.iebc.or.ke/form/formB/0211100000000/uploaded/1_0211100000000_34_B_20220811_230650.pdf
Kandara,Murang'a,https://forms.iebc.or.ke/form/formB/0211090000000/uploaded/1_0211090000000_34_B_20220812_023850.pdf
Kangema,Murang'a,https://forms.iebc.or.ke/form/formB/0211040000000/uploaded/1_0211040000000_34_B_20220811_180746.pdf
Kigumo,Murang'a,https://forms.iebc.or.ke/form/formB/0211070000000/uploaded/1_0211070000000_34_B_20220811_191545.pdf
Kiharu,Murang'a,https://forms.iebc.or.ke/form/formB/0211060000000/uploaded/1_0211060000000_34_B_20220812_190430.pdf
Maragwa,Murang'a,https://forms.iebc.or.ke/form/formB/0211080000000/uploaded/1_0211080000000_34_B_20220811_155201.pdf
Mathioya,Murang'a,https://forms.iebc.or.ke/form/formB/0211050000000/uploaded/1_0211050000000_34_B_20220811_151950.pdf
Dagoretti North,Nairobi City,https://forms.iebc.or.ke/form/formB/0472750000000/uploaded/1_0472750000000_34_B_20220813_111026.pdf
Dagoretti South,Nairobi City,https://forms.iebc.or.ke/form/formB/0472760000000/uploaded/1_0472760000000_34_B_20220812_155624.pdf
Embakasi Central,Nairobi City,https://forms.iebc.or.ke/form/formB/0472840000000/uploaded/1_0472840000000_34_B_20220812_132830.pdf
Embakasi East,Nairobi City,https://forms.iebc.or.ke/form/formB/0472850000000/uploaded/1_0472850000000_34_B_20220814_225029.pdf
Embakasi North,Nairobi City,https://forms.iebc.or.ke/form/formB/0472830000000/uploaded/1_0472830000000_34_B_20220811_221725.pdf
Embakasi South,Nairobi City,https://forms.iebc.or.ke/form/formB/0472820000000/uploaded/1_0472820000000_34_B_20220814_095417.pdf
Embakasi West,Nairobi City,https://forms.iebc.or.ke/form/formB/0472860000000/uploaded/1_0472860000000_34_B_20220811_161622.pdf
Kamukunji,Nairobi City,https://forms.iebc.or.ke/form/formB/0472880000000/uploaded/1_0472880000000_34_B_20220812_193023.pdf
Kasarani,Nairobi City,https://forms.iebc.or.ke/form/formB/0472800000000/uploaded/1_0472800000000_34_B_20220811_172941.pdf
Kibra,Nairobi City,https://forms.iebc.or.ke/form/formB/0472780000000/uploaded/1_0472780000000_34_B_20220812_180613.pdf
Langata,Nairobi City,https://forms.iebc.or.ke/form/formB/0472770000000/uploaded/1_0472770000000_34_B_20220813_120312.pdf
Makadara,Nairobi City,https://forms.iebc.or.ke/form/formB/0472870000000/uploaded/1_0472870000000_34_B_20220812_015236.pdf
Mathare,Nairobi City,https://forms.iebc.or.ke/form/formB/0472900000000/uploaded/1_0472900000000_34_B_20220812_051432.pdf
Roysambu,Nairobi City,https://forms.iebc.or.ke/form/formB/0472790000000/uploaded/1_0472790000000_34_B_20220812_120338.pdf
Ruaraka,Nairobi City,https://forms.iebc.or.ke/form/formB/0472810000000/uploaded/1_0472810000000_34_B_20220811_183734.pdf
Starehe,Nairobi City,https://forms.iebc.or.ke/form/formB/0472890000000/uploaded/1_0472890000000_34_B_20220814_195130.pdf
Westlands,Nairobi City,https://forms.iebc.or.ke/form/formB/0472740000000/uploaded/1_0472740000000_34_B_20220813_151859.pdf
Bahati,Nakuru,https://forms.iebc.or.ke/form/formB/0321740000000/uploaded/1_0321740000000_34_B_20220812_164325.pdf
Gilgil,Nakuru,https://forms.iebc.or.ke/form/formB/0321690000000/uploaded/1_0321690000000_34_B_20220811_200926.pdf
Kuresoi North,Nakuru,https://forms.iebc.or.ke/form/formB/0321710000000/uploaded/1_0321710000000_34_B_20220811_015444.pdf
Kuresoi South,Nakuru,https://forms.iebc.or.ke/form/formB/0321700000000/uploaded/1_0321700000000_34_B_20220811_103552.pdf
Molo,Nakuru,https://forms.iebc.or.ke/form/formB/0321660000000/uploaded/1_0321660000000_34_B_20220811_144358.pdf
Naivasha,Nakuru,https://forms.iebc.or.ke/form/formB/0321680000000/uploaded/1_0321680000000_34_B_20220812_114953.pdf
Nakuru Town East,Nakuru,https://forms.iebc.or.ke/form/formB/0321760000000/uploaded/1_0321760000000_34_B_20220812_013251.pdf
Nakuru Town West,Nakuru,https://forms.iebc.or.ke/form/formB/0321750000000/uploaded/1_0321750000000_34_B_20220811_164717.pdf
Njoro,Nakuru,https://forms.iebc.or.ke/form/formB/0321670000000/uploaded/1_0321670000000_34_B_20220812_111150.pdf
Rongai,Nakuru,https://forms.iebc.or.ke/form/formB/0321730000000/uploaded/1_0321730000000_34_B_20220811_214035.pdf
Subukia,Nakuru,https://forms.iebc.or.ke/form/formB/0321720000000/uploaded/1_0321720000000_34_B_20220811_141845.pdf
Aldai,Nandi,https://forms.iebc.or.ke/form/formB/0291520000000/uploaded/1_0291520000000_34_B_20220811_104303.pdf
Chesumei,Nandi,https://forms.iebc.or.ke/form/formB/0291540000000/uploaded/1_0291540000000_34_B_20220811_221048.pdf
Emgwen,Nandi,https://forms.iebc.or.ke/form/formB/0291550000000/uploaded/1_0291550000000_34_B_20220811_143553.pdf
Mosop,Nandi,https://forms.iebc.or.ke/form/formB/0291560000000/uploaded/1_0291560000000_34_B_20220811_170609.pdf
Nandi Hills,Nandi,https://forms.iebc.or.ke/form/formB/0291530000000/uploaded/1_0291530000000_34_B_20220811_093130.pdf
Tinderet,Nandi,https://forms.iebc.or.ke/form/formB/0291510000000/uploaded/1_0291510000000_34_B_20220811_103028.pdf
Emurua Dikirr,Narok,https://forms.iebc.or.ke/form/formB/0331780000000/uploaded/1_0331780000000_34_B_20220811_123516.pdf
Kilgoris,Narok,https://forms.iebc.or.ke/form/formB/0331770000000/uploaded/1_0331770000000_34_B_20220814_191144.pdf
Narok East,Narok,https://forms.iebc.or.ke/form/formB/0331800000000/uploaded/1_0331800000000_34_B_20220811_074147.pdf
Narok North,Narok,https://forms.iebc.or.ke/form/formB/0331790000000/uploaded/1_0331790000000_34_B_20220813_180644.pdf
Narok South,Narok,https://forms.iebc.or.ke/form/formB/0331810000000/uploaded/1_0331810000000_34_B_20220815_120652.pdf
Narok West,Narok,https://forms.iebc.or.ke/form/formB/0331820000000/uploaded/1_0331820000000_34_B_20220815_122925.pdf
Borabu,Nyamira,https://forms.iebc.or.ke/form/formB/0462730000000/uploaded/1_0462730000000_34_B_20220815_141228.pdf
Kitutu Masaba,Nyamira,https://forms.iebc.or.ke/form/formB/0462700000000/uploaded/1_0462700000000_34_B_20220811_032149.pdf
North Mugirango,Nyamira,https://forms.iebc.or.ke/form/formB/0462720000000/uploaded/1_0462720000000_34_B_20220811_220357.pdf
West Mugirango,Nyamira,https://forms.iebc.or.ke/form/formB/0462710000000/uploaded/1_0462710000000_34_B_20220814_190510.pdf
Kinangop,Nyandarua,https://forms.iebc.or.ke/form/formB/0180890000000/uploaded/1_0180890000000_34_B_20220812_110732.pdf
Kipipiri,Nyandarua,https://forms.iebc.or.ke/form/formB/0180900000000/uploaded/1_0180900000000_34_B_20220811_165548.pdf
Ndaragwa,Nyandarua,https://forms.iebc.or.ke/form/formB/0180930000000/uploaded/1_0180930000000_34_B_20220813_082013.pdf
Ol Jorok,Nyandarua,https://forms.iebc.or.ke/form/formB/0180920000000/uploaded/1_0180920000000_34_B_20220811_015349.pdf
Ol Kalou,Nyandarua,https://forms.iebc.or.ke/form/formB/0180910000000/uploaded/1_0180910000000_34_B_20220812_105405.pdf
Kieni,Nyeri,https://forms.iebc.or.ke/form/formB/0190950000000/uploaded/1_0190950000000_34_B_20220812_082644.pdf
Mathira,Nyeri,https://forms.iebc.or.ke/form/formB/0190960000000/uploaded/1_0190960000000_34_B_20220812_021828.pdf
Mukurweini,Nyeri,https://forms.iebc.or.ke/form/formB/0190980000000/uploaded/1_0190980000000_34_B_20220811_115433.pdf
Nyeri Town,Nyeri,https://forms.iebc.or.ke/form/formB/0190990000000/uploaded/1_0190990000000_34_B_20220811_165751.pdf
Othaya,Nyeri,https://forms.iebc.or.ke/form/formB/0190970000000/uploaded/1_0190970000000_34_B_20220811_220605.pdf
Tetu,Nyeri,https://forms.iebc.or.ke/form/formB/0190940000000/uploaded/1_0190940000000_34_B_20220811_202353.pdf
Samburu East,Samburu,https://forms.iebc.or.ke/form/formB/0251350000000/uploaded/1_0251350000000_34_B_20220812_001505.pdf
Samburu North,Samburu,https://forms.iebc.or.ke/form/formB/0251340000000/uploaded/1_0251340000000_34_B_20220811_164437.pdf
Samburu West,Samburu,https://forms.iebc.or.ke/form/formB/0251330000000/uploaded/1_0251330000000_34_B_20220811_112827.pdf
Alego Usonga,Siaya,https://forms.iebc.or.ke/form/formB/0412340000000/uploaded/1_0412340000000_34_B_20220811_193020.pdf
Bondo,Siaya,https://forms.iebc.or.ke/form/formB/0412360000000/uploaded/1_0412360000000_34_B_20220811_173847.pdf
Gem,Siaya,https://forms.iebc.or.ke/form/formB/0412350000000/uploaded/1_0412350000000_34_B_20220811_120645.pdf
Rarieda,Siaya,https://forms.iebc.or.ke/form/formB/0412370000000/uploaded/1_0412370000000_34_B_20220811_020318.pdf
Ugenya,Siaya,https://forms.iebc.or.ke/form/formB/0412320000000/uploaded/1_0412320000000_34_B_20220811_090730.pdf
Ugunja,Siaya,https://forms.iebc.or.ke/form/formB/0412330000000/uploaded/1_0412330000000_34_B_20220811_153538.pdf
Mwatate,Taita Taveta,https://forms.iebc.or.ke/form/formB/0060250000000/uploaded/1_0060250000000_34_B_20220811_184153.pdf
Taveta,Taita Taveta,https://forms.iebc.or.ke/form/formB/0060230000000/uploaded/1_0060230000000_34_B_20220810_234531.pdf
Voi,Taita Taveta,https://forms.iebc.or.ke/form/formB/0060260000000/uploaded/1_0060260000000_34_B_20220813_145042.pdf
Wundanyi,Taita Taveta,https://forms.iebc.or.ke/form/formB/0060240000000/uploaded/1_0060240000000_34_B_20220811_130528.pdf
Bura,Tana River,https://forms.iebc.or.ke/form/formB/0040200000000/uploaded/1_0040200000000_34_B_20220813_182935.pdf
Galole,Tana River,https://forms.iebc.or.ke/form/formB/0040190000000/uploaded/1_0040190000000_34_B_20220812_191304.pdf
Garsen,Tana River,https://forms.iebc.or.ke/form/formB/0040180000000/uploaded/1_0040180000000_34_B_20220813_144638.pdf
Chuka/Igambang'ombe,Tharaka - Nithi,https://forms.iebc.or.ke/form/formB/0130610000000/uploaded/1_0130610000000_34_B_20220811_071714.pdf
Maara,Tharaka - Nithi,https://forms.iebc.or.ke/form/formB/0130600000000/uploaded/1_0130600000000_34_B_20220811_151157.pdf
Tharaka,Tharaka - Nithi,https://forms.iebc.or.ke/form/formB/0130620000000/uploaded/1_0130620000000_34_B_20220812_123352.pdf
Cherangany,Trans Nzoia,https://forms.iebc.or.ke/form/formB/0261400000000/uploaded/1_0261400000000_34_B_20220813_104137.pdf
Endebess,Trans Nzoia,https://forms.iebc.or.ke/form/formB/0261370000000/uploaded/1_0261370000000_34_B_20220812_134524.pdf
Kiminini,Trans Nzoia,https://forms.iebc.or.ke/form/formB/0261390000000/uploaded/1_0261390000000_34_B_20220813_103035.pdf
Kwanza,Trans Nzoia,https://forms.iebc.or.ke/form/formB/0261360000000/uploaded/1_0261360000000_34_B_20220811_184323.pdf
Saboti,Trans Nzoia,https://forms.iebc.or.ke/form/formB/0261380000000/uploaded/1_0261380000000_34_B_20220811_143626.pdf
Loima,Turkana,https://forms.iebc.or.ke/form/formB/0231260000000/uploaded/1_0231260000000_34_B_20220811_121636.pdf
Turkana Central,Turkana,https://forms.iebc.or.ke/form/formB/0231250000000/uploaded/1_0231250000000_34_B_20220812_092930.pdf
Turkana East,Turkana,https://forms.iebc.or.ke/form/formB/0231280000000/uploaded/1_0231280000000_34_B_20220812_090822.pdf
Turkana North,Turkana,https://forms.iebc.or.ke/form/formB/0231230000000/uploaded/1_0231230000000_34_B_20220812_160159.pdf
Turkana South,Turkana,https://forms.iebc.or.ke/form/formB/0231270000000/uploaded/1_0231270000000_34_B_20220812_031143.pdf
Turkana West,Turkana,https://forms.iebc.or.ke/form/formB/0231240000000/uploaded/1_0231240000000_34_B_20220811_185225.pdf
Ainabkoi,Uasin Gishu,https://forms.iebc.or.ke/form/formB/0271440000000/uploaded/1_0271440000000_34_B_20220811_033316.pdf
Kapseret,Uasin Gishu,https://forms.iebc.or.ke/form/formB/0271450000000/uploaded/1_0271450000000_34_B_20220811_144852.pdf
Kesses,Uasin Gishu,https://forms.iebc.or.ke/form/formB/0271460000000/uploaded/1_0271460000000_34_B_20220812_000447.pdf
Moiben,Uasin Gishu,https://forms.iebc.or.ke/form/formB/0271430000000/uploaded/1_0271430000000_34_B_20220811_092536.pdf
Soy,Uasin Gishu,https://forms.iebc.or.ke/form/formB/0271410000000/uploaded/1_0271410000000_34_B_20220811_164744.pdf
Turbo,Uasin Gishu,https://forms.iebc.or.ke/form/formB/0271420000000/uploaded/1_0271420000000_34_B_20220812_040401.pdf
Emuhaya,Vihiga,https://forms.iebc.or.ke/form/formB/0382150000000/uploaded/1_0382150000000_34_B_20220811_072614.pdf
Hamisi,Vihiga,https://forms.iebc.or.ke/form/formB/0382130000000/uploaded/1_0382130000000_34_B_20220811_105443.pdf
Luanda,Vihiga,https://forms.iebc.or.ke/form/formB/0382140000000/uploaded/1_0382140000000_34_B_20220814_225439.pdf
Sabatia,Vihiga,https://forms.iebc.or.ke/form/formB/0382120000000/uploaded/1_0382120000000_34_B_20220814_184145.pdf
Vihiga,Vihiga,https://forms.iebc.or.ke/form/formB/0382110000000/uploaded/1_0382110000000_34_B_20220811_102838.pdf
Eldas,Wajir,https://forms.iebc.or.ke/form/formB/0080370000000/uploaded/1_0080370000000_34_B_20220813_145617.pdf
Tarbaj,Wajir,https://forms.iebc.or.ke/form/formB/0080350000000/uploaded/1_0080350000000_34_B_20220811_151228.pdf
Wajir East,Wajir,https://forms.iebc.or.ke/form/formB/0080340000000/uploaded/1_0080340000000_34_B_20220811_201005.pdf
Wajir North,Wajir,https://forms.iebc.or.ke/form/formB/0080330000000/uploaded/1_0080330000000_34_B_20220813_132039.pdf
Wajir South,Wajir,https://forms.iebc.or.ke/form/formB/0080380000000/uploaded/1_0080380000000_34_B_20220814_191531.pdf
Wajir West,Wajir,https://forms.iebc.or.ke/form/formB/0080360000000/uploaded/1_0080360000000_34_B_20220812_103915.pdf
Kacheliba,West Pokot,https://forms.iebc.or.ke/form/formB/0241310000000/uploaded/1_0241310000000_34_B_20220814_174811.pdf
Kapenguria,West Pokot,https://forms.iebc.or.ke/form/formB/0241290000000/uploaded/1_0241290000000_34_B_20220813_054723.pdf
Pokot South,West Pokot,https://forms.iebc.or.ke/form/formB/0241320000000/uploaded/1_0241320000000_34_B_20220811_141342.pdf
Sigor,West Pokot,https://forms.iebc.or.ke/form/formB/0241300000000/uploaded/1_0241300000000_34_B_20220812_085106.pdf
